checkpoint,perturbation,auc,delta_auc,eer,accuracy,threshold,n
Temporal only,clean,0.9957,0.0,0.0214,0.9786,0.7217,700
Temporal only,gaussian_noise,0.7829,0.2128,0.2804,0.7357,0.5956,700
Temporal only,gaussian_blur,0.9727,0.023,0.0848,0.9143,0.8025,700
Temporal only,salt_pepper,0.5148,0.4809,0.5009,0.66,0.6105,700
Temporal only,salt_only,0.5192,0.4765,0.4786,0.4914,0.6105,700
Temporal only,pepper_only,0.509,0.4867,0.5054,0.3329,0.6696,700
Temporal only,jpeg_qf50,0.9322,0.0635,0.1268,0.8957,0.664,700
Temporal only,clean_medfilt3,0.9951,0.0006,0.0196,0.9757,0.7924,700
Temporal only,salt_pepper_medfilt3,0.9927,0.003,0.0366,0.9671,0.7633,700
Temporal only,salt_only_medfilt3,0.9917,0.004,0.0437,0.9743,0.5371,700
Temporal only,pepper_only_medfilt3,0.99,0.0057,0.0268,0.97,0.7221,700
T+F (no S),clean,0.9953,0.0,0.0125,0.9843,0.5289,700
T+F (no S),gaussian_noise,0.68,0.3153,0.3741,0.7786,0.6244,700
T+F (no S),gaussian_blur,0.9627,0.0326,0.1,0.8814,0.8681,700
T+F (no S),salt_pepper,0.5045,0.4908,0.4991,0.74,0.6212,700
T+F (no S),salt_only,0.5104,0.4849,0.4946,0.3457,0.6404,700
T+F (no S),pepper_only,0.5081,0.4872,0.5098,0.44,0.6102,700
T+F (no S),jpeg_qf50,0.8864,0.1089,0.192,0.82,0.7077,700
T+F (no S),clean_medfilt3,0.9949,0.0004,0.017,0.9729,0.8288,700
T+F (no S),salt_pepper_medfilt3,0.992,0.0033,0.0384,0.9643,0.8145,700
T+F (no S),salt_only_medfilt3,0.9912,0.0041,0.0339,0.97,0.6736,700
T+F (no S),pepper_only_medfilt3,0.9897,0.0056,0.0437,0.9514,0.8414,700
Full model,clean,0.9966,0.0,0.0152,0.98,0.8122,700
Full model,gaussian_noise,0.7617,0.2349,0.2991,0.6886,0.6581,700
Full model,gaussian_blur,0.9754,0.0212,0.0866,0.9186,0.8633,700
Full model,salt_pepper,0.4972,0.4994,0.5018,0.6057,0.6378,700
Full model,salt_only,0.5464,0.4502,0.4661,0.6057,0.6313,700
Full model,pepper_only,0.4848,0.5118,0.5161,0.7857,0.6503,700
Full model,jpeg_qf50,0.8615,0.1351,0.2196,0.83,0.8546,700
Full model,clean_medfilt3,0.9967,-0.0001,0.0214,0.98,0.7392,700
Full model,salt_pepper_medfilt3,0.9963,0.0003,0.0268,0.9729,0.8488,700
Full model,salt_only_medfilt3,0.995,0.0016,0.0295,0.9643,0.8387,700
Full model,pepper_only_medfilt3,0.994,0.0026,0.0384,0.9629,0.862,700
