epoch,train_loss,train_acc,train_auc,train_f1,val_loss,val_acc,val_auc,val_f1,val_mask_iou,val_id_acc,val_id_f1,lr,real_acc,real_auc,DeepFakeDetection_acc,DeepFakeDetection_auc
1,0.57950,0.5207,0.5214,0.4833,0.66676,0.1316,0.4703,0.0571,0.2184,0.3918,0.1165,4.83e-05,1.0000,0.4703,0.0294,0.4703
2,0.81740,0.5155,0.5020,0.6278,1.18657,0.1316,0.4680,0.0571,0.2184,0.5029,0.1371,9.67e-05,1.0000,0.4680,0.0294,0.4680
3,0.73324,0.5226,0.5620,0.6415,1.15976,0.5614,0.4673,0.7000,0.2184,0.6053,0.1533,1.00e-04,0.4722,0.4673,0.5719,0.4673
4,0.69434,0.5397,0.5609,0.6546,1.12980,0.6170,0.4757,0.7486,0.2184,0.7251,0.2123,1.00e-04,0.4444,0.4757,0.6373,0.4757
5,0.65141,0.5672,0.6213,0.6667,1.10128,0.6520,0.4896,0.7776,0.2184,0.8333,0.2291,1.00e-04,0.4167,0.4896,0.6797,0.4896
6,0.63210,0.5534,0.6590,0.6709,1.06826,0.6140,0.5070,0.7442,0.2327,0.8743,0.2340,1.00e-04,0.5000,0.5070,0.6275,0.5070
7,0.61698,0.6224,0.7480,0.6979,1.03942,0.6608,0.5195,0.7836,0.0000,0.8947,0.4722,1.00e-04,0.4444,0.5195,0.6863,0.5195
8,0.57891,0.6483,0.7637,0.7102,1.01306,0.7135,0.5299,0.8244,0.0260,0.8947,0.4722,1.00e-04,0.3889,0.5299,0.7516,0.5299
9,0.54454,0.7379,0.8291,0.7580,0.99072,0.5029,0.5464,0.6352,0.0260,0.8947,0.4722,1.00e-04,0.6667,0.5464,0.4837,0.5464
10,0.54318,0.7083,0.8281,0.7447,0.97197,0.8450,0.5624,0.9133,0.0260,0.8947,0.4985,1.00e-04,0.2778,0.5624,0.9118,0.5624
11,0.53583,0.7431,0.8237,0.7739,0.95740,0.7895,0.5756,0.8771,0.0260,0.9064,0.5941,1.00e-04,0.3611,0.5756,0.8399,0.5756
12,0.50854,0.7655,0.8497,0.7806,0.94054,0.8041,0.5933,0.8866,0.0260,0.9094,0.6313,1.00e-04,0.3611,0.5933,0.8562,0.5933
13,0.48415,0.7793,0.8578,0.7981,0.93035,0.7251,0.6113,0.8303,0.0260,0.9035,0.6373,1.00e-04,0.5000,0.6113,0.7516,0.6113
14,0.46418,0.7776,0.8689,0.7868,0.91634,0.8041,0.6330,0.8851,0.0260,0.9006,0.6462,1.00e-04,0.4722,0.6330,0.8431,0.6330
15,0.44756,0.8207,0.9055,0.8339,0.90539,0.8070,0.6552,0.8866,0.0260,0.8947,0.6381,1.00e-04,0.5000,0.6552,0.8431,0.6552
16,0.45850,0.7897,0.8860,0.8032,0.89721,0.8392,0.6815,0.9073,0.0260,0.8830,0.6453,1.00e-04,0.5000,0.6815,0.8791,0.6815
17,0.43143,0.8310,0.9126,0.8454,0.89042,0.8509,0.7102,0.9143,0.0260,0.8713,0.6666,1.00e-04,0.5278,0.7102,0.8889,0.7102
18,0.43729,0.8293,0.9073,0.8374,0.88157,0.8275,0.7396,0.8988,0.0260,0.8743,0.7112,1.00e-04,0.5833,0.7396,0.8562,0.7396
19,0.40300,0.8776,0.9399,0.8819,0.87131,0.8596,0.7699,0.9189,0.0260,0.8713,0.7074,1.00e-04,0.6111,0.7699,0.8889,0.7699
20,0.42056,0.8448,0.9260,0.8548,0.85832,0.8743,0.8069,0.9280,0.0260,0.8772,0.7150,1.00e-04,0.6111,0.8069,0.9052,0.8069
21,0.40669,0.8534,0.9342,0.8649,0.84905,0.8158,0.8353,0.8893,0.0260,0.8889,0.7421,1.00e-04,0.7222,0.8353,0.8268,0.8353
22,0.38392,0.8379,0.9175,0.8297,0.83695,0.8070,0.8624,0.8826,0.0260,0.8918,0.7463,1.00e-04,0.7778,0.8624,0.8105,0.8624
23,0.38866,0.8741,0.9371,0.8850,0.82715,0.8392,0.8860,0.9040,0.0260,0.8977,0.7549,1.00e-04,0.7778,0.8860,0.8464,0.8860
24,0.37446,0.8845,0.9483,0.8903,0.81624,0.8012,0.9062,0.8773,0.0260,0.9064,0.7735,1.00e-04,0.8611,0.9062,0.7941,0.9062
25,0.35358,0.8621,0.9410,0.8635,0.80826,0.7719,0.9207,0.8550,0.0260,0.9123,0.7922,1.00e-04,0.9444,0.9207,0.7516,0.9207
26,0.36468,0.8500,0.9302,0.8455,0.79887,0.8392,0.9333,0.9023,0.0260,0.9152,0.8012,1.00e-04,0.9167,0.9333,0.8301,0.9333
27,0.36985,0.8810,0.9449,0.8885,0.79042,0.8684,0.9419,0.9215,0.0260,0.9152,0.8012,1.00e-04,0.9167,0.9419,0.8627,0.9419
28,0.33115,0.8862,0.9537,0.8962,0.78394,0.8889,0.9483,0.9345,0.0260,0.9240,0.8199,1.00e-04,0.9167,0.9483,0.8856,0.9483
29,0.30955,0.9121,0.9673,0.9143,0.77826,0.8801,0.9550,0.9287,0.0260,0.9211,0.8149,1.00e-04,0.9444,0.9550,0.8725,0.9550
30,0.30932,0.9138,0.9669,0.9188,0.77295,0.8918,0.9599,0.9361,0.0260,0.9240,0.8236,1.00e-04,0.9444,0.9599,0.8856,0.9599
31,0.32925,0.9103,0.9710,0.9161,0.76795,0.9035,0.9632,0.9434,0.0260,0.9269,0.8286,1.00e-04,0.9444,0.9632,0.8987,0.9632
32,0.30405,0.9086,0.9720,0.9106,0.76388,0.8772,0.9642,0.9266,0.0260,0.9269,0.8286,1.00e-04,0.9722,0.9642,0.8660,0.9642
33,0.31833,0.9155,0.9609,0.9168,0.75910,0.8830,0.9652,0.9303,0.0260,0.9298,0.8301,1.00e-04,0.9722,0.9652,0.8725,0.9652
34,0.27476,0.9345,0.9838,0.9349,0.75457,0.8830,0.9669,0.9301,0.0260,0.9327,0.8354,1.00e-04,1.0000,0.9669,0.8693,0.9669
35,0.29598,0.9345,0.9849,0.9379,0.74978,0.8889,0.9680,0.9338,0.0260,0.9357,0.8408,1.00e-04,1.0000,0.9680,0.8758,0.9680
36,0.27334,0.9500,0.9871,0.9508,0.74505,0.8918,0.9689,0.9357,0.0260,0.9327,0.8317,1.00e-04,1.0000,0.9689,0.8791,0.9689
37,0.29045,0.9345,0.9801,0.9349,0.74059,0.8889,0.9693,0.9338,0.0260,0.9386,0.8428,1.00e-04,1.0000,0.9693,0.8758,0.9693
38,0.30395,0.9190,0.9726,0.9183,0.73666,0.8860,0.9700,0.9319,0.0260,0.9415,0.8485,1.00e-04,1.0000,0.9700,0.8725,0.9700
39,0.29173,0.9328,0.9847,0.9312,0.73262,0.9064,0.9705,0.9450,0.0260,0.9444,0.8543,1.00e-04,0.9722,0.9705,0.8987,0.9705
40,0.26564,0.9466,0.9874,0.9496,0.72896,0.9064,0.9712,0.9450,0.0260,0.9415,0.8485,1.00e-04,0.9722,0.9712,0.8987,0.9712
41,0.28593,0.9259,0.9755,0.9289,0.72565,0.9094,0.9727,0.9468,0.0260,0.9415,0.8448,1.00e-04,0.9722,0.9727,0.9020,0.9727
42,0.27620,0.9414,0.9904,0.9422,0.72238,0.9152,0.9733,0.9504,0.0260,0.9444,0.8543,1.00e-04,0.9722,0.9733,0.9085,0.9733
43,0.27508,0.9069,0.9746,0.9132,0.71956,0.9181,0.9744,0.9522,0.0260,0.9444,0.8543,1.00e-04,0.9722,0.9744,0.9118,0.9744
44,0.25497,0.9603,0.9898,0.9597,0.71575,0.9240,0.9752,0.9558,0.0260,0.9444,0.8507,1.00e-04,0.9722,0.9752,0.9183,0.9752
45,0.25311,0.9310,0.9847,0.9315,0.71277,0.9327,0.9756,0.9611,0.0260,0.9503,0.8697,1.00e-04,0.9722,0.9756,0.9281,0.9756
46,0.25304,0.9431,0.9876,0.9432,0.70976,0.9327,0.9760,0.9611,0.0260,0.9474,0.8636,1.00e-04,0.9722,0.9760,0.9281,0.9760
47,0.23387,0.9621,0.9942,0.9652,0.70723,0.9327,0.9763,0.9611,0.0260,0.9474,0.8636,1.00e-04,0.9722,0.9763,0.9281,0.9763
48,0.23245,0.9259,0.9877,0.9247,0.70369,0.9269,0.9765,0.9576,0.0260,0.9474,0.8636,1.00e-04,0.9722,0.9765,0.9216,0.9765
49,0.22673,0.9603,0.9920,0.9616,0.69997,0.9298,0.9769,0.9593,0.0260,0.9444,0.8577,1.00e-04,0.9722,0.9769,0.9248,0.9769
50,0.25140,0.9293,0.9841,0.9289,0.69610,0.9269,0.9771,0.9576,0.0260,0.9474,0.8668,1.00e-04,0.9722,0.9771,0.9216,0.9771
