epoch,train_loss,train_acc,train_auc,train_f1,val_loss,val_acc,val_auc,val_f1,val_mask_iou,val_id_acc,val_id_f1,lr,real_acc,real_auc,fake_acc,fake_auc
1,0.17238,0.4717,0.4802,0.5204,0.36784,0.3750,0.6036,0.1935,nan,0.0000,nan,5.53e-05,0.3243,0.6036,1.0000,0.6036
2,0.08258,0.5951,0.6578,0.6374,0.62504,0.4500,0.6712,0.2143,nan,0.0000,nan,1.00e-04,0.4054,0.6712,1.0000,0.6712
3,0.06873,0.7325,0.8224,0.7447,0.56495,0.8250,0.7432,0.3636,nan,0.0000,nan,1.00e-04,0.8378,0.7432,0.6667,0.7432
4,0.05736,0.8297,0.8852,0.8239,0.50600,0.6250,0.7838,0.2857,nan,0.0000,nan,1.00e-04,0.5946,0.7838,1.0000,0.7838
5,0.05312,0.8294,0.9037,0.8308,0.45688,0.7500,0.8378,0.3750,nan,0.0000,nan,1.00e-04,0.7297,0.8378,1.0000,0.8378
6,0.04968,0.8571,0.9199,0.8625,0.40542,0.8250,0.8739,0.4615,nan,0.1351,nan,1.00e-04,0.8108,0.8739,1.0000,0.8739
7,0.04321,0.8822,0.9407,0.8810,0.35817,0.8500,0.9369,0.5000,nan,0.3784,nan,1.00e-04,0.8378,0.9369,1.0000,0.9369
8,0.04401,0.8742,0.9442,0.8651,0.30603,0.8750,0.9550,0.5455,nan,0.8108,nan,1.00e-04,0.8649,0.9550,1.0000,0.9550
9,0.04112,0.8968,0.9514,0.8904,0.26847,0.9000,0.9640,0.6000,nan,0.9459,nan,1.00e-04,0.8919,0.9640,1.0000,0.9640
10,0.03794,0.8969,0.9607,0.8962,0.23345,0.9000,0.9640,0.6000,nan,1.0000,nan,1.00e-04,0.8919,0.9640,1.0000,0.9640
11,0.03482,0.9119,0.9702,0.9064,0.19688,0.9000,0.9640,0.6000,nan,1.0000,nan,1.00e-04,0.8919,0.9640,1.0000,0.9640
12,0.03391,0.9133,0.9695,0.9116,0.16768,0.9000,0.9640,0.6000,nan,1.0000,nan,1.00e-04,0.8919,0.9640,1.0000,0.9640
13,0.03143,0.9161,0.9793,0.9189,0.14157,0.9250,0.9730,0.6667,nan,1.0000,nan,1.00e-04,0.9189,0.9730,1.0000,0.9730
14,0.02885,0.9325,0.9807,0.9306,0.11921,0.9500,0.9820,0.7500,nan,1.0000,nan,1.00e-04,0.9459,0.9820,1.0000,0.9820
15,0.02467,0.9506,0.9894,0.9481,0.10016,0.9500,0.9820,0.7500,nan,1.0000,nan,1.00e-04,0.9459,0.9820,1.0000,0.9820
16,0.02670,0.9589,0.9889,0.9582,0.08606,0.9750,0.9910,0.8571,nan,1.0000,nan,1.00e-04,0.9730,0.9910,1.0000,0.9910
17,0.02507,0.9435,0.9902,0.9433,0.07663,1.0000,1.0000,1.0000,nan,1.0000,nan,1.00e-04,1.0000,1.0000,1.0000,1.0000
18,0.02487,0.9427,0.9899,0.9398,0.06875,1.0000,1.0000,1.0000,nan,1.0000,nan,1.00e-04,1.0000,1.0000,1.0000,1.0000
19,0.02324,0.9510,0.9912,0.9513,0.06349,1.0000,1.0000,1.0000,nan,1.0000,nan,1.00e-04,1.0000,1.0000,1.0000,1.0000
20,0.01895,0.9656,0.9959,0.9639,0.05929,1.0000,1.0000,1.0000,nan,1.0000,nan,1.00e-04,1.0000,1.0000,1.0000,1.0000
21,0.02247,0.9500,0.9938,0.9461,0.05407,1.0000,1.0000,1.0000,nan,1.0000,nan,5.00e-05,1.0000,1.0000,1.0000,1.0000
22,0.02019,0.9694,0.9939,0.9675,0.05084,1.0000,1.0000,1.0000,nan,1.0000,nan,5.00e-05,1.0000,1.0000,1.0000,1.0000
23,0.01937,0.9668,0.9942,0.9654,0.04819,1.0000,1.0000,1.0000,nan,1.0000,nan,5.00e-05,1.0000,1.0000,1.0000,1.0000
24,0.02227,0.9541,0.9923,0.9509,0.04628,1.0000,1.0000,1.0000,nan,1.0000,nan,5.00e-05,1.0000,1.0000,1.0000,1.0000
25,0.01606,0.9825,0.9988,0.9819,0.04442,1.0000,1.0000,1.0000,nan,1.0000,nan,2.50e-05,1.0000,1.0000,1.0000,1.0000
