method,label,prob,pred,correct
real,0,0.672889,0,1
real,0,0.923823,1,0
real,0,0.870188,1,0
real,0,0.93869,1,0
real,0,0.766646,0,1
real,0,0.237427,0,1
real,0,0.196981,0,1
real,0,0.263672,0,1
real,0,0.470944,0,1
real,0,0.608012,0,1
real,0,0.603991,0,1
real,0,0.688997,0,1
real,0,0.752565,0,1
real,0,0.467179,0,1
real,0,0.748411,0,1
real,0,0.254304,0,1
real,0,0.760633,0,1
real,0,0.835349,1,0
real,0,0.208172,0,1
real,0,0.906452,1,0
real,0,0.90685,1,0
real,0,0.695102,0,1
real,0,0.550221,0,1
real,0,0.727261,0,1
real,0,0.186481,0,1
real,0,0.846442,1,0
real,0,0.874671,1,0
real,0,0.529037,0,1
real,0,0.184068,0,1
real,0,0.553361,0,1
real,0,0.402201,0,1
real,0,0.193513,0,1
real,0,0.880424,1,0
real,0,0.642656,0,1
real,0,0.819062,1,0
real,0,0.493691,0,1
real,0,0.555646,0,1
real,0,0.416487,0,1
fake,1,0.914325,1,1
fake,1,0.866546,1,1
fake,1,0.894281,1,1
fake,1,0.898312,1,1
fake,1,0.861333,1,1
fake,1,0.228119,0,0
fake,1,0.895101,1,1
fake,1,0.775105,1,1
fake,1,0.696788,0,0
fake,1,0.919077,1,1
fake,1,0.897262,1,1
fake,1,0.910611,1,1
fake,1,0.877089,1,1
fake,1,0.924065,1,1
fake,1,0.900685,1,1
fake,1,0.944656,1,1
fake,1,0.946256,1,1
fake,1,0.946321,1,1
fake,1,0.933685,1,1
fake,1,0.923982,1,1
fake,1,0.934428,1,1
fake,1,0.912711,1,1
fake,1,0.926413,1,1
fake,1,0.925136,1,1
fake,1,0.944473,1,1
fake,1,0.938259,1,1
fake,1,0.933713,1,1
fake,1,0.934725,1,1
fake,1,0.940225,1,1
fake,1,0.936436,1,1
fake,1,0.93598,1,1
fake,1,0.89653,1,1
fake,1,0.893845,1,1
fake,1,0.861451,1,1
fake,1,0.909533,1,1
fake,1,0.805985,1,1
fake,1,0.76867,1,1
fake,1,0.786641,1,1
fake,1,0.888206,1,1
fake,1,0.89636,1,1
fake,1,0.811236,1,1
fake,1,0.88656,1,1
fake,1,0.87823,1,1
fake,1,0.78379,1,1
fake,1,0.888763,1,1
fake,1,0.885493,1,1
fake,1,0.732141,0,0
fake,1,0.814574,1,1
fake,1,0.800217,1,1
fake,1,0.788369,1,1
fake,1,0.791354,1,1
fake,1,0.717366,0,0
fake,1,0.855421,1,1
fake,1,0.862084,1,1
fake,1,0.63433,0,0
fake,1,0.925071,1,1
fake,1,0.916425,1,1
fake,1,0.912987,1,1
fake,1,0.86293,1,1
fake,1,0.828276,1,1
fake,1,0.770079,1,1
fake,1,0.909334,1,1
