epoch,train_loss,train_acc,train_auc,train_f1,val_loss,val_acc,val_auc,val_f1,val_mask_iou,val_id_acc,val_id_f1,lr,real_acc,real_auc,Deepfakes_acc,Deepfakes_auc,Face2Face_acc,Face2Face_auc,FaceSwap_acc,FaceSwap_auc,NeuralTextures_acc,NeuralTextures_auc
1,0.24657,0.7592,0.4989,0.8611,0.31068,0.6029,0.4885,0.7280,nan,0.2000,0.0667,1.00e-04,0.3571,0.4885,0.6643,0.4878,0.6786,0.4949,0.6643,0.4935,0.6500,0.4779
2,0.39725,0.7993,0.5104,0.8884,0.44241,0.2357,0.4950,0.1039,nan,0.2000,0.0667,1.00e-04,0.9571,0.4950,0.0429,0.4956,0.0643,0.5028,0.0643,0.4977,0.0500,0.4840
1,0.23997,0.7915,0.5076,0.8827,0.29532,0.3457,0.4861,0.3657,nan,0.2029,0.0725,1.00e-04,0.7857,0.4861,0.2286,0.4882,0.2429,0.4908,0.2500,0.4938,0.2214,0.4716
2,0.39834,0.7982,0.4857,0.8878,0.44738,0.7529,0.4963,0.8557,nan,0.2000,0.1046,1.00e-04,0.1000,0.4963,0.9071,0.4913,0.9214,0.5019,0.9143,0.4993,0.9214,0.4929
3,0.39211,0.7998,0.5248,0.8888,0.41773,0.3986,0.5081,0.4596,nan,0.2029,0.1156,1.00e-04,0.7143,0.5081,0.3000,0.4993,0.3071,0.5148,0.3357,0.5101,0.3357,0.5080
4,0.00000,nan,nan,nan,0.41773,0.3986,0.5081,0.4596,nan,0.2029,0.1156,1.00e-04,0.7143,0.5081,0.3000,0.4993,0.3071,0.5148,0.3357,0.5101,0.3357,0.5080
5,0.00000,nan,nan,nan,0.41773,0.3986,0.5081,0.4596,nan,0.2029,0.1156,1.00e-04,0.7143,0.5081,0.3000,0.4993,0.3071,0.5148,0.3357,0.5101,0.3357,0.5080
6,0.00000,nan,nan,nan,0.41773,0.3986,0.5081,0.4596,nan,0.2029,0.1156,1.00e-04,0.7143,0.5081,0.3000,0.4993,0.3071,0.5148,0.3357,0.5101,0.3357,0.5080
7,0.00000,nan,nan,nan,0.41773,0.3986,0.5081,0.4596,nan,0.2029,0.1156,5.00e-05,0.7143,0.5081,0.3000,0.4993,0.3071,0.5148,0.3357,0.5101,0.3357,0.5080
8,0.00000,nan,nan,nan,0.41773,0.3986,0.5081,0.4596,nan,0.2029,0.1156,5.00e-05,0.7143,0.5081,0.3000,0.4993,0.3071,0.5148,0.3357,0.5101,0.3357,0.5080
