method,params,params_m,flops_clip,flops_clip_g,flops_frame,flops_frame_g
"Full (S+N+T, all heads)",39712340,39.712,651738371712,651.738,20366824116,20.367
Temporal only,38454851,38.455,651142169600,651.142,20348192800,20.348
Noise only,6137058,6.137,436736512,0.437,13648016,0.014
Spatial only,5338258,5.338,98034176,0.098,3063568,0.003
S+N,6318322,6.318,536539648,0.537,16766864,0.017
S+T,38636115,38.636,651241972736,651.242,20351311648,20.351
N+T,39434915,39.435,651582774272,651.583,20361961696,20.362
"MLG-MTF: base (S+N+T, no heads)",39616179,39.616,651680480256,651.68,20365015008,20.365
MLG-MTF: + landmark attention,39616268,39.616,651680511616,651.681,20365015988,20.365
MLG-MTF: + localization head,39708749,39.709,651738364544,651.738,20366823892,20.367
MLG-MTF: + identification head (full),39712340,39.712,651738371712,651.738,20366824116,20.367
