perturbation,auc,delta_auc,eer,accuracy,threshold,n
clean,0.9966,0.0,0.0152,0.98,0.8125,700
gaussian_noise,0.7602,0.2364,0.3205,0.7514,0.6515,700
gaussian_blur,0.9755,0.0211,0.0866,0.9186,0.8632,700
salt_pepper,0.4923,0.5043,0.5045,0.3929,0.6446,700
salt_only,0.5341,0.4625,0.4955,0.6214,0.6308,700
pepper_only,0.4875,0.5091,0.508,0.7371,0.6592,700
jpeg_qf50,0.8615,0.1351,0.2214,0.83,0.8546,700
clean_medfilt3,0.9967,-0.0001,0.0214,0.98,0.7391,700
salt_pepper_medfilt3,0.9955,0.0011,0.0277,0.9743,0.7973,700
salt_only_medfilt3,0.9947,0.0019,0.0348,0.9629,0.8269,700
pepper_only_medfilt3,0.9954,0.0012,0.0286,0.97,0.8113,700
